{"MAE": 0.16773918385854023, "MSE": 0.046421785693660365, "RMSE": 0.2154571551229162, "R2 Score": 0.7117118582492317}